id,first_name,last_name,car,model,year,
1,Hazel,Dawidowitsch,Chevrolet,Silverado 2500,2002,
2,Amity,Mishow,Subaru,Legacy,2002,
3,Claudina,Hodcroft,Porsche,928,1989,
4,Mira,Stringfellow,BMW,Z8,2000,
5,Babara,Plaister,Volvo,V50,2011,
6,Rudy,Ransom,Saturn,Sky,2007,
7,Ellis,Bootyman,Hyundai,XG300,2001,
8,Alessandra,Popping,GMC,Yukon,2009,
9,Chiquita,Knapp,Jaguar,S-Type,2008,
10,Carine,Hampe,Ford,Escape,2007,
11,Wallace,Signori,Mazda,MX-6,1996,
12,Alexandro,Prestage,Honda,S2000,2006,
13,Olympia,Frangleton,Bentley,Continental GTC,2009,
14,Allyson,Balaizot,Dodge,Challenger,2009,
15,Kiley,Hubbis,Buick,Century,1993,
16,Robena,Chidley,Nissan,Murano,2004,
17,Lorinda,Pesek,Saturn,L-Series,2000,
18,Wallas,Daouse,Lexus,LS,1995,
19,Magdalene,Bouchard,Ford,Explorer,1994,
20,Mona,Attkins,BMW,M5,2003,
21,Nisse,Derrell,Dodge,Ram Van 1500,1999,
22,Agretha,Smallacombe,Audi,RS 4,2007,
23,Wilton,Collinette,Buick,Rendezvous,2007,
24,Sherline,Carnson,Pontiac,Firebird Trans Am,1986,
25,Jorgan,Priestley,Chevrolet,Silverado 3500,2002,
26,Gale,Scoular,Ford,F350,2001,
27,Latisha,Daysh,Lexus,GS,1995,
28,Mavis,Isakowicz,Maserati,Quattroporte,1984,
29,Nerty,Zima,Chevrolet,Corsica,1994,
30,Lacy,Kolakovic,Ford,Escape,2006,
31,Faina,Ebbles,Mercury,Mountaineer,1997,
32,Julie,Northcote,Jaguar,S-Type,2006,
33,Raeann,Swindells,BMW,M3,2012,
34,Dennet,Blodgetts,Suzuki,Aerio,2002,
35,Pam,Brendeke,Ford,E250,2008,
36,Alain,Mantram,Mercedes-Benz,SL-Class,1995,
37,Sarina,Marnane,Mazda,RX-7,1984,
38,Robinia,Mechell,Volvo,XC60,2010,
39,Allix,Larby,Infiniti,M,2004,
40,Arliene,Habbes,Ford,Ranger,1997,
41,Andras,Caroll,Maybach,57,2003,
42,Rosemarie,Antyukhin,Audi,TT,2010,
43,Alexa,Morrowe,Toyota,Avalon,2012,
44,Simmonds,Boffin,Chevrolet,TrailBlazer,2004,
45,Korney,Piers,Pontiac,Firebird,1984,
46,Nap,Radbourn,Lincoln,Continental,1995,
47,Heindrick,Chotty,Pontiac,Solstice,2008,
48,Elton,MacConchie,Lexus,SC,2004,
49,Felicdad,Slatford,Pontiac,Trans Sport,1999,
50,Leonora,Blain,Dodge,Ram 2500,2003,
51,Donetta,de Nore,Audi,S4,2004,
52,Herc,Grint,Toyota,Corolla,2008,
53,Elsey,Matiashvili,Volvo,C30,2009,
54,Freeland,Bagworth,Chevrolet,Astro,1994,
55,Averil,Gainsboro,Saturn,L-Series,2000,
56,Candie,Duguid,Lexus,LX,2007,
57,Pammie,Ruste,BMW,Z4,2003,
58,Anna-maria,Trythall,Hyundai,Elantra,1993,
59,Bertrand,Hrishanok,Chevrolet,Aveo,2011,
60,Trefor,Studman,Buick,Roadmaster,1991,
61,Aldric,Sivier,Toyota,Highlander,2004,
62,Car,Chetwin,Volvo,S80,2011,
63,Fairleigh,Loudian,Volkswagen,Golf,2005,
64,Patrica,Wheatland,Porsche,944,1984,
65,Karoline,St. Hill,Infiniti,QX,2009,
66,Revkah,Shermar,Jeep,Patriot,2009,
67,Hyatt,Kyncl,Lexus,GX,2011,
68,Gearalt,Sowthcote,Toyota,Truck Xtracab SR5,1989,
69,Nico,Swane,Cadillac,Escalade,2007,
70,Skelly,Scrivinor,Nissan,Pathfinder,2008,
71,Liv,Vinas,BMW,M6,2006,
72,Beret,Readwing,Toyota,Avalon,2001,
73,Hally,Canedo,Volkswagen,GTI,1992,
74,Tatum,Celier,Infiniti,Q,2002,
75,Julie,Cookman,Isuzu,i-Series,2006,
76,Gauthier,Awty,BMW,5 Series,1997,
77,Theodora,Kohrsen,Ford,E350,2003,
78,Meryl,Huygens,Ferrari,599 GTB Fiorano,2007,
79,Godfree,Philippou,Rolls-Royce,Phantom,2008,
80,Ervin,Andreazzi,Audi,A6,2000,
81,Terese,Hearfield,Isuzu,Hombre,1998,
82,Arly,Claye,Toyota,RAV4,1999,
83,Lay,Gellibrand,Chevrolet,Corsica,1992,
84,Othilia,Missen,Pontiac,Sunbird,1985,
85,Kelcey,Cryer,Chevrolet,Impala,2004,
86,Camey,Vigne,Lotus,Esprit Turbo,1984,
87,Mahalia,Dowey,Lotus,Evora,2012,
88,Orlando,Belli,Kia,Sephia,1994,
89,Pierson,Zealey,Mercedes-Benz,CLS-Class,2010,
90,Effie,Coltart,Audi,S4,2005,
91,Corbie,Heineken,Ford,Econoline E350,1998,
92,Dagny,Drake,Chevrolet,Corvette,1992,
93,Patsy,FitzGibbon,GMC,Yukon XL 2500,2010,
94,Chere,Remmers,Ford,Thunderbird,1988,
95,Osgood,Kindred,Chevrolet,Express,2011,
96,Orion,Melmore,Chevrolet,Express 1500,2005,
97,Tremain,Donnison,Acura,MDX,2010,
98,Cesya,McCuish,Suzuki,SJ,1987,
99,Ginelle,Coon,Isuzu,i-370,2008,
100,Bernard,Leadley,Mercury,Tracer,1996,
101,Debor,Faithfull,Lexus,LS,1996,
102,Eleanore,Bestiman,GMC,2500,1995,
103,Avrom,Dunk,Mercedes-Benz,CL-Class,2005,
104,Nedda,Dibnah,Lexus,RX Hybrid,2012,
105,Adams,Toffoletto,Maybach,57,2007,
106,Barnett,Bagshaw,Volkswagen,New Beetle,2004,
107,Francine,Simo,Lexus,GS,1993,
108,Eve,McNair,Mercury,Grand Marquis,1986,
109,Madalyn,Tregonna,Mercedes-Benz,R-Class,2009,
110,Siusan,Gotmann,Buick,Somerset,1986,
111,Eugenie,McQuin,Plymouth,Voyager,1994,
112,Barthel,Symcox,Oldsmobile,Ciera,1993,
113,Townsend,Grinin,Suzuki,Samurai,1995,
114,Rad,Lowles,Chevrolet,Camaro,2011,
115,Sosanna,Alekseicik,Suzuki,Grand Vitara,2002,
116,Austine,Izkovicz,Ford,Bronco II,1984,
117,Kasey,Lynthal,Cadillac,Eldorado,1994,
118,Karna,Skegg,Porsche,928,1995,
119,Feodora,Wrettum,MG,MGB,1977,
120,Nolan,Antoni,Mitsubishi,Starion,1986,
121,Earlie,Babington,Dodge,Grand Caravan,2003,
122,Heidie,Grammer,Ford,Thunderbird,1995,
123,Welby,Hanstock,Plymouth,Neon,2001,
124,Bonnee,Truelove,Chevrolet,Blazer,2002,
125,Henka,Skudder,Chevrolet,Lumina,2000,
126,Curt,Ledger,Toyota,Camry,2005,
127,Jory,Tale,GMC,Envoy,2003,
128,Oliver,Dike,BMW,M6,2008,
129,Alberta,Muris,Audi,S5,2008,
130,Artair,Kaysor,Porsche,911,1992,
131,Merci,Hodge,Ford,F-Series Super Duty,2009,
132,Krysta,Tipperton,Pontiac,Vibe,2006,
133,Adelaida,Barkaway,Dodge,Stratus,1995,
134,Nathanil,Grisbrook,Mazda,Mazda5,2006,
135,Elysha,Faich,BMW,X6,2011,
136,Gabriello,Kneel,Dodge,Ram Van 1500,1995,
137,Antonie,Filipov,Chrysler,LHS,2000,
138,Clifford,Colten,Nissan,200SX,1995,
139,Aldis,Klassmann,Ford,Focus,2003,
140,Elinor,Rosborough,Nissan,Maxima,1993,
141,Wilton,Parlour,Suzuki,XL-7,2004,
142,Britte,Goburn,Pontiac,Grand Prix,1982,
143,Robbie,McDill,Mazda,CX-9,2010,
144,Derby,Nelhams,Saab,9-3,2003,
145,Yorgos,Toth,Chevrolet,Aveo,2006,
146,Uriel,Lunnon,Ford,Courier,1986,
147,Karyl,Crysell,Volkswagen,rio,1997,
148,Madonna,Calderon,Ford,Festiva,1989,
149,Shanna,Esterbrook,Scion,xB,2006,
150,Forrest,Scottesmoor,Hyundai,Sonata,2013,
151,Jase,Lysons,Porsche,Panamera,2013,
152,Hallsy,Gofton,Hyundai,Excel,1994,
153,Lennie,Dinnage,Volvo,S80,2010,
154,Werner,Gabel,Mitsubishi,Mirage,1999,
155,Pepi,Capini,Kia,Rio,2006,
156,Audre,Haffenden,Toyota,MR2,1987,
157,Malinde,Fonte,Hyundai,Entourage,2009,
158,Maybelle,Peperell,Hyundai,Santa Fe,2009,
159,Franni,Ley,Kia,Sorento,2009,
160,Julietta,Helm,Mitsubishi,Expo,1993,
161,Allyn,Brookshaw,Plymouth,Grand Voyager,1995,
162,Aurore,O'Moylane,Land Rover,Range Rover,2005,
163,Tiphani,Bacup,Audi,S6,2007,
164,Lian,Teek,Mazda,Miata MX-5,1993,
165,Chrotoem,Allison,Saab,9000,1986,
166,Rosalie,Witnall,Mercedes-Benz,E-Class,2011,
167,Micky,Bover,Ford,F-Series,1997,
168,Rebekah,Prop,Rolls-Royce,Phantom,2008,
169,Sibilla,MacCawley,Acura,Legend,1993,
170,Janeva,Kanter,Mercury,Sable,1987,
171,Vanya,Hawkeswood,Honda,Pilot,2002,
172,Sloane,Mort,Oldsmobile,Silhouette,1997,
173,Kippy,Damiata,Kia,Sportage,2002,
174,Letizia,Prendergrass,Honda,Passport,1999,
175,Marlene,Bockler,Dodge,Ram 1500,1996,
176,Mortie,Preto,BMW,8 Series,1992,
177,Euell,Melendez,Volkswagen,Golf,1989,
178,Estel,Buckthorpe,Jeep,Liberty,2004,
179,Farand,Simenot,Dodge,Dakota Club,1993,
180,Pen,Shreeves,Bentley,Azure,2007,
181,Andrew,Croll,Infiniti,G25,2011,
182,Harlene,Abrahmson,Volkswagen,GTI,2004,
183,Shena,Purchase,Chevrolet,Aveo,2010,
184,Bree,Spurritt,Mitsubishi,Tredia,1987,
185,Robinson,Brolly,Dodge,D350,1992,
186,Kirbee,Pennigar,Cadillac,STS,2010,
187,Rourke,MacGorrie,Buick,Electra,1987,
188,Michael,Rubinowitz,Dodge,Ram 2500,2005,
189,Horten,Folonin,Audi,R8,2010,
190,Myrlene,Everall,Kia,Sportage,2000,
191,Celestina,Fanning,Hummer,H1,1999,
192,Hayley,Oliva,Bentley,Continental,2008,
193,Bernadina,Goodright,Mazda,Mazdaspeed 3,2011,
194,Joana,Pusey,Lexus,RX,2004,
195,Perle,Bearblock,Ford,E-350 Super Duty Van,2006,
196,Roxana,Thams,Audi,A6,2010,
197,Greggory,Kitter,Volkswagen,Type 2,1991,
198,Yetty,Bernade,Dodge,Dakota,2011,
199,Saraann,Scolland,Mazda,B-Series Plus,2000,
200,Faber,Garrod,Subaru,Leone,1985,
201,Suzette,Brisard,Volkswagen,New Beetle,2000,
202,Madelina,Grocock,Lexus,LX,2005,
203,Berti,Bines,Lexus,SC,1995,
204,Louise,Border,Kia,Sorento,2007,
205,Chandra,Glastonbury,Isuzu,Amigo,1993,
206,Juliette,Smitherham,Chevrolet,Blazer,2005,
207,Jamie,Huggon,Volkswagen,Jetta,2008,
208,Ellene,Simonds,Lexus,SC,2003,
209,Angel,Manley,Infiniti,G35,2008,
210,Alberta,Redsell,Buick,LeSabre,2005,
211,Mari,Proudman,Toyota,Celica,1982,
212,Pandora,Norval,GMC,2500,1995,
213,Durward,Beine,Mazda,MPV,1996,
214,Etheline,Jolland,Audi,A6,1997,
215,Corinna,Yurchenko,Mercedes-Benz,E-Class,2001,
216,Orelee,Yokel,Scion,tC,2008,
217,Marjie,Keri,Infiniti,G37,2008,
218,Emilee,Steels,Hummer,H1,1998,
219,Gun,McKeag,Lexus,SC,2000,
220,Oralle,Kikke,Lexus,IS F,2008,
221,Audrye,Joist,Nissan,Sentra,1999,
222,Dulcinea,Cancelier,Subaru,SVX,1997,
223,Jasmin,Caudray,Mazda,MX-5,2005,
224,L,urette,Benois,BMW,6 Series,2008
225,Nora,Packman,Buick,Riviera,1989,
226,Willy,Izac,Pontiac,Grand Prix,2000,
227,Chen,Shoesmith,Mazda,CX-7,2008,
228,Romain,Clemenzo,Jaguar,S-Type,2002,
229,Carlos,Dauber,Mercedes-Benz,SLK-Class,2000,
230,Biddy,Nettle,Volkswagen,Fox,1988,
231,Nealon,Racine,Volkswagen,CC,2012,
232,Glen,Morhall,Dodge,Dakota Club,1995,
233,Jacintha,Leteurtre,Dodge,Neon,2002,
234,Chelsey,Matthensen,Mazda,B-Series,2001,
235,Dex,Stirrip,Mercury,Cougar,1995,
236,Ailbert,Probbing,Pontiac,Aztek,2002,
237,Catharine,Dakers,Volvo,C70,2011,
238,Vicki,Gaskamp,Dodge,Intrepid,2001,
239,Modestia,Bould,Dodge,Dakota Club,2000,
240,Jereme,Bryers,Chevrolet,Cavalier,1994,
241,Penrod,Quiney,Lexus,IS,2005,
242,Alyse,Dominik,Volkswagen,Cabriolet,1989,
243,Loren,Benion,GMC,Acadia,2012,
244,Consolata,Richardson,Pontiac,Bonneville,1995,
245,Wilhelmina,Baudone,Mitsubishi,Montero,1998,
246,Rhea,Kellar,Chevrolet,Astro,1995,
247,Sergent,Lashmore,Honda,Element,2005,
248,Margalit,Goudge,Volvo,S80,2008,
249,Rubie,Simner,Jeep,Liberty,2004,
250,Sholom,Conachy,Ford,Mustang,2013,
251,Rainer,Derrell,Ford,F-Series,1985,
252,Mikel,Trudgion,Chevrolet,Avalanche 2500,2006,
253,Rae,Oldred,Acura,NSX,1998,
254,Datha,Sket,Jeep,Liberty,2011,
255,Friedrick,Boyton,Volkswagen,Routan,2011,
256,Freda,Hammill,Toyota,FJ Cruiser,2007,
257,Gram,Palister,Cadillac,Seville,2004,
258,Trixie,Arnau,Mitsubishi,3000GT,1993,
259,Gerrie,Elton,Ford,Explorer,1995,
260,Vernen,Band,BMW,X3,2012,
261,Jory,Bonner,Mazda,Millenia,1995,
262,Bancroft,Girodias,Hummer,H3,2010,
263,Ryan,Tortice,Dodge,Ram Wagon B250,1993,
264,Engracia,Biasotti,Hyundai,Sonata,2004,
265,Cordie,Bastone,Cadillac,Eldorado,2001,
266,Tansy,Fullun,GMC,Suburban 2500,1999,
267,Addy,Sexti,Dodge,Ram 2500 Club,1997,
268,Travers,Mercik,Mazda,MX-5,2007,
269,Marion,Pirolini,Ford,F150,1998,
270,Alex,Fittes,Mitsubishi,Montero,1993,
271,Cirillo,Augustin,GMC,2500,1992,
272,Francine,Randalson,Chevrolet,Suburban 2500,1994,
273,Ari,Milward,Ford,Mustang,1974,
274,Raimund,Rodenhurst,Ford,E250,2004,
275,Berky,Linklet,Buick,Hearse,1996,
276,Frayda,MacArdle,Chevrolet,Astro,1997,
277,Brooks,Pavie,Chrysler,Crossfire,2007,
278,Trumaine,Kaspar,Buick,Skylark,1992,
279,Linet,Whittleton,Mazda,CX-9,2011,
280,Pall,Aulton,Spyker,C8,2005,
281,Danyelle,Giamo,Austin,Mini Cooper S,1963,
282,Bobby,Woolveridge,Mitsubishi,Galant,1992,
283,Eveleen,Thredder,Cadillac,Eldorado,1992,
284,Ferrell,Chatburn,Infiniti,QX,2009,
285,Blake,Suddell,Nissan,Murano,2007,
286,Barbara,Saffill,Ford,Ranger,1992,
287,Tanny,Prebble,GMC,Safari,1998,
288,Nomi,Alday,Audi,80/90,1988,
289,Gearard,Eddy,Dodge,Intrepid,1996,
290,Dulci,Farmer,Lotus,Esprit,2003,
291,Johnathan,Van der Brug,Toyota,T100,1994,
292,Dottie,Rexworthy,Mazda,Protege,1997,
293,Marty,Bodsworth,Land Rover,Discovery,2005,
294,Vincenty,Lunt,Maserati,Spyder,1991,
295,Druci,Catto,Buick,Lucerne,2010,
296,Petey,Gooderridge,Volvo,S60,2002,
297,Lynnette,Rodden,Nissan,Pathfinder,2004,
298,Othilia,Roseborough,Chevrolet,Suburban 1500,2004,
299,Modesty,Shurman,Chevrolet,2500,1994,
300,Alexandro,Tibbits,MINI,Clubman,2011,
301,Tucky,Brandenberg,Ford,Econoline E250,2001,
302,Nathalia,Feild,Lotus,Elise,2008,
303,Verna,Lefeuvre,Oldsmobile,98,1996,
304,Eula,Bosence,Suzuki,Swift,2000,
305,Chev,Temby,Ford,E-Series,2002,
306,Padriac,Dwight,Chrysler,New Yorker,1996,
307,Katee,Gasgarth,GMC,Savana 3500,2001,
308,Jack,Bolzen,Cadillac,DeVille,1999,
309,Teodoor,Balham,Cadillac,Escalade,2008,
310,Normand,Del Dello,Chevrolet,Camaro,1981,
311,Idelle,Harpham,Maybach,Landaulet,2011,
312,Farand,Thomlinson,Mazda,Protege,1992,
313,Alwin,Ovesen,Dodge,Ram 1500 Club,1995,
314,Simone,Abden,Aston Martin,V8 Vantage S,2012,
315,Jo ann,Stocky,Mitsubishi,Galant,1995,
316,Hynda,Sailer,Suzuki,XL-7,2001,
317,Marty,Jentle,GMC,Savana 2500,2008,
318,Carol-jean,Oppy,GMC,Sierra 3500,2007,
319,Mozes,Gairdner,Mercury,Grand Marquis,1991,
320,Marguerite,Ferne,Saturn,Ion,2004,
321,Meriel,Fergie,GMC,Savana 2500,2011,
322,Agneta,Owens,Pontiac,Grand Prix,1989,
323,Wayland,Burnsyde,Chevrolet,Tahoe,2012,
324,Bebe,Havis,Volkswagen,Passat,1992,
325,Lucias,McVeagh,Toyota,FJ Cruiser,2011,
326,Rudolph,Billin,Suzuki,Kizashi,2011,
327,Jeanine,Tregale,BMW,3 Series,1993,
328,Morgen,Sedgeman,Chevrolet,Cobalt SS,2007,
329,Geoffry,Abbott,Volkswagen,GTI,1988,
330,Alon,Gerin,Pontiac,GTO,2006,
331,Steffie,Robertson,Lamborghini,Diablo,1998,
332,Coreen,Presdee,Volkswagen,Eurovan,1997,
333,Ganny,Hearne,Maserati,GranSport,2005,
334,Dotty,Vaudrey,Ford,Mustang,1997,
335,Elga,McGlew,Pontiac,Grand Am,1988,
336,Ugo,Cicchelli,Mercury,Grand Marquis,2008,
337,Dulcia,England,GMC,Yukon XL 1500,2003,
338,Cariotta,Barrell,Chevrolet,Aveo,2006,
339,Anabella,Bernardes,Buick,Riviera,1986,
340,Dorey,Wais,Isuzu,Space,1993,
341,Chiquia,Jochen,Volkswagen,New Beetle,2010,
342,Daisy,Twigg,Volvo,V40,2001,
343,Arleyne,Gleasane,Oldsmobile,88,1998,
344,Werner,Pleace,Mercedes-Benz,R-Class,2008,
345,Dyana,Canner,Toyota,Celica,1998,
346,Shena,Spilsted,GMC,Sierra 3500,2011,
347,Bradford,Champniss,Pontiac,Bonneville,1984,
348,Hew,Kroin,Buick,Reatta,1988,
349,Lynelle,Clarridge,Suzuki,Esteem,1997,
350,Silvanus,Winchcombe,Honda,Accord,1994,
351,Bibi,Keslake,Dodge,Spirit,1995,
352,Fayth,McFetridge,Dodge,Caliber,2008,
353,Edouard,Kenyam,Pontiac,Sunbird,1989,
354,Ileana,Hammerton,Nissan,Armada,2011,
355,Millicent,Oldmeadow,Mitsubishi,Galant,1992,
356,York,Buckbee,Cadillac,SRX,2005,
357,Roberta,Ajean,Maserati,Quattroporte,1984,
358,Winthrop,Guyan,Chevrolet,Corvette,1969,
359,Zachary,Hallen,Ford,Bronco,1994,
360,Arlan,Loughlin,Volvo,V50,2008,
361,Ellynn,Mather,Suzuki,Sidekick,1996,
362,Frank,Hawkeswood,Infiniti,Q,1993,
363,Ardenia,Manion,Suzuki,Forenza,2005,
364,Judi,Oddey,Ford,Festiva,1991,
365,Ignace,Lehrmann,Lamborghini,Murciélago,2006,
366,Charmaine,Yashaev,Ford,Expedition EL,2009,
367,Brina,Vasin,Audi,A6,2006,
368,Raquel,Malpas,GMC,Envoy,2006,
369,Tarrah,Duddan,Porsche,Cayenne,2009,
370,Sal,Fernehough,Toyota,Celica,1996,
371,Isador,Shorto,Mercedes-Benz,C-Class,1998,
372,Bette-ann,Maciejak,Jaguar,XF,2011,
373,Clarita,Frill,Acura,Vigor,1992,
374,Nicola,De la croix,Oldsmobile,Aurora,1998,
375,Shelli,Dods,BMW,7 Series,2001,
376,Joeann,Coche,Dodge,Ram 1500,2006,
377,Katherina,Bristowe,GMC,2500,1995,
378,Adan,Robbs,GMC,Canyon,2004,
379,Kiri,Gwyther,Lexus,LS,1994,
380,Zaria,Giovannacc@i,Ford,F-Series,1995,
381,Yehudit,Grealey,Ford,F350,2011,
382,Virgina,Porter,Pontiac,Sunbird,1991,
383,Maurise,Basil,Volvo,S40,2007,
384,Dorine,Waterhowse,Lexus,ES,2000,
385,Marjory,Dunsmuir,Pontiac,GTO,1974,
386,Dale,Pedlingham,Volvo,S40,2002,
387,Moselle,Brinsford,Bentley,Continental,2012,
388,Kynthia,Delmage,Toyota,Celica,1994,
389,Dalis,Cord,Hummer,H2 SUT,2006,
390,Pat,Knee,Suzuki,Cultus,1985,
391,Kennan,Jedrzejczak,BMW,325,2006,
392,Gabey,Presswell,Nissan,Frontier,2002,
393,Nonna,Garbar,Oldsmobile,Cutlass Cruiser,1994,
394,Celene,Oxby,Mercedes-Benz,E-Class,2012,
395,Ram,Tankard,Ford,Expedition,2008,
396,Minerva,De Goey,Chevrolet,Sportvan G30,1996,
397,Steffi,Deeves,Buick,Estate,1989,
398,Garland,Hugnet,Mitsubishi,Starion,1986,
399,Shela,Wallman,Cadillac,Escalade,2004,
400,Serge,Chafer,Ford,Focus,2011,
401,Karleen,Vanyashin,Mazda,MPV,2002,
402,Justine,Pate,Volkswagen,Passat,2007,
403,Gabriellia,Scollard,Mercury,Villager,1993,
404,Dedra,Revie,Nissan,350Z,2004,
405,Astra,Cogswell,Chevrolet,Suburban,2011,
406,Ronny,Videan,Chevrolet,Colorado,2004,
407,Aeriell,Heintz,Audi,A8,2002,
408,Maynard,Rhymes,Volkswagen,Tiguan,2010,
409,Kristel,Bartoleyn,Ford,Ranger,2008,
410,Aldwin,Dimitru,Kia,Rio,2005,
411,Sally,Duffet,Geo,Tracker,1993,
412,Hinda,Fonte,Chrysler,Concorde,2003,
413,Johnny,Lilley,Mercury,Topaz,1990,
414,Domeniga,Lerer,Chevrolet,Cobalt SS,2007,
415,Moses,Dorrell,Mercedes-Benz,S-Class,2001,
416,Querida,Broome,Nissan,240SX,1993,
417,Ingra,Parvin,Hyundai,Excel,1994,
418,Karisa,Boughey,Subaru,Legacy,2008,
419,Erasmus,Gresser,Oldsmobile,Silhouette,1992,
420,Schuyler,Gissop,Audi,TT,2008,
421,Cathe,Euesden,Volvo,S80,2004,
422,Franzen,Snassell,Suzuki,Daewoo Lacetti,2008,
423,Thelma,Munsey,Rolls-Royce,Phantom,2013,
424,Jayme,McRory,Mercury,Mountaineer,1999,
425,Roman,Stanlack,BMW,X6 M,2012,
426,Sioux,Dongall,Toyota,Avalon,2007,
427,Harlie,Schulze,Pontiac,Sunfire,1998,
428,Mercie,Blague,Pontiac,LeMans,1965,
429,Vaughn,Presidey,Suzuki,SX4,2008,
430,Hallie,Simmins,Volkswagen,Quantum,1984,
431,Gabriel,Benoy,Toyota,Land Cruiser,2004,
432,Kerry,Karpeev,Chrysler,300,2008,
433,Blinny,Aucourte,Nissan,GT-R,2010,
434,Dalt,Wilkowski,Subaru,XT,1989,
435,Mercie,Branigan,Ford,F350,2012,
436,Oswell,Malkie,Nissan,Versa,2008,
437,Alden,Coulbeck,Volkswagen,Golf,1999,
438,Fanechka,Cunah,Toyota,Highlander,2001,
439,Carma,Imlacke,Mazda,626,1996,
440,Torey,Cluelow,Toyota,Sienna,2010,
441,Marti,Valentelli,Acura,TL,2007,
442,Dulcinea,Glanert,Pontiac,Bonneville,1992,
443,Jewelle,McArd,Volvo,V90,1997,
444,Phylys,Cuseck,Land Rover,Discovery Series II,2001,
445,Ricoriki,Synder,Chevrolet,Suburban 1500,2007,
446,Retha,Veracruysse,Ford,Mustang,1990,
447,Bertie,La Torre,BMW,5 Series,2003,
448,Suki,McClements,Volkswagen,New Beetle,2000,
449,Traci,Klassman,Dodge,Viper RT/10,1994,
450,Patsy,Bride,Land Rover,Range Rover,1987,
451,Ianthe,Sutton,Cadillac,Escalade,2009,
452,Ailina,Cardillo,Mercury,Milan,2007,
453,Ronna,Latham,Porsche,928,1987,
454,Erik,Claricoates,Mitsubishi,Pajero,2006,
455,Mort,Seakin,Chevrolet,G-Series G10,1993,
456,Shaylyn,McLanachan,Lexus,LS,1990,
457,Maddy,Brackpool,Mercedes-Benz,CLK-Class,2005,
458,Kiersten,Martschke,BMW,Z3,2000,
459,Darsie,Pilling,Pontiac,Firebird,1986,
460,Wells,Croasdale,Eagle,Talon,1997,
461,Monty,Ogilvy,MINI,Cooper,2011,
462,Wilone,Tebbutt,Ford,F-Series,2010,
463,Javier,Tilzey,Mitsubishi,Eclipse,1994,
464,Salome,Theseira,Volkswagen,Jetta,1987,
465,Reube,Croucher,Maserati,430,1991,
466,Shandie,Harbron,Mazda,626,1998,
467,Charmaine,Overpool,Ford,E350,2003,
468,Albie,Ive,Buick,Electra,1987,
469,Cortie,Hunstone,Ford,Laser,1989,
470,Arvin,Maxwell,Studebaker,Avanti,1964,
471,Lulita,Votier,Cadillac,STS-V,2009,
472,Brandice,Pennycook,Buick,Rendezvous,2006,
473,Alonzo,Cashford,Chevrolet,1500,1997,
474,Jody,Lead,Nissan,NV3500,2012,
475,Ingeberg,Bon,Honda,Odyssey,2010,
476,Deloria,Faich,Hummer,H2 SUT,2006,
477,Antonia,Fray,Mazda,GLC,1984,
478,Rakel,Mackiewicz,Cadillac,Escalade,2007,
479,Liliane,Woolley,Chevrolet,Astro,1993,
480,Risa,Phillins,Cadillac,STS,2007,
481,Othilia,Browse,Lexus,GS,1999,
482,Vanny,MacLese,Honda,Odyssey,2000,
483,Rayna,Jennaway,Geo,Metro,1997,
484,Judye,McArley,Ford,Taurus X,2008,
485,Harmonia,Demeter,GMC,Sonoma,1993,
486,Harlen,Classen,Buick,Electra,1989,
487,Babs,Cocker,Eagle,Talon,1996,
488,Carolann,Flaws,Chevrolet,Corvette,2010,
489,Mel,Bartoszewicz,Ford,ZX2,2003,
490,Arliene,Hedman,Chevrolet,Express 3500,2012,
491,Janie,Stiff,Mercedes-Benz,W201,1984,
492,Frederica,Van der Krui,Chevrolet,Cavalier,1996,
493,Ynez,Fehely,Lexus,SC,1998,
494,Merrel,Chettle,Ford,Taurus,2000,
495,Audre,Sauvan,Ford,LTD Crown Victoria,1991,
496,Gracia,Kassidy,Ford,Explorer,2009,
497,Pavla,Lindenbluth,Porsche,Boxster,2003,
498,Scot,Pesik,Kia,Rio,2013,
499,Willow,Bertenshaw,Nissan,Versa,2011,
500,Davis,Huthart,BMW,M3,1997,
501,Renelle,Van Der Weedenburg,Toyota,Corolla,1995,
502,Greggory,Weddeburn,Infiniti,FX,2008,
503,Ruthann,Lotze,Mercedes-Benz,S-Class,1998,
504,Sallie,McFarlan,Hummer,H2 SUT,2006,
505,Aland,Heymes,Pontiac,Firebird,1987,
506,Karen,Bauchop,Lexus,RX,2001,
507,Ebenezer,Guerola,Mitsubishi,Galant,2011,
508,Lorne,Davidowsky,GMC,Sierra,2007,
509,Pacorro,Hasted,Subaru,Legacy,2011,
510,Carita,Abrahamoff,Kia,Rondo,2009,
511,Fredra,Stiller,GMC,Yukon XL 2500,2001,
512,Debora,Geeraert,Hyundai,Tucson,2005,
513,Neda,Edkins,Ford,Fusion,2008,
514,Thorstein,Lawn,Chevrolet,Express,2011,
515,Farra,Cocklie,Honda,Odyssey,2001,
516,Antonietta,Camell,Hyundai,Excel,1994,
517,Janie,Warlton,Pontiac,Grand Prix,1996,
518,Edvard,Daggett,Mercury,Topaz,1985,
519,Maureen,Scullin,Audi,S5,2012,
520,Happy,Marquess,Pontiac,GTO,1968,
521,Cobbie,Doughartie,Jeep,Grand Cherokee,1999,
522,Bendick,Klimaszewski,Mercedes-Benz,M-Class,2002,
523,Nevile,Grason,Aptera,Typ-1,2009,
524,Marrissa,Weeds,Chrysler,300,1999,
525,Ivy,Kellington,Dodge,Stratus,2006,
526,Skylar,Bantham,Pontiac,Grand Prix,1964,
527,Thacher,Gourley,Kia,Rio5,2008,
528,Merla,Mangeon,Dodge,Ram 1500 Club,1998,
529,Val,Wensley,Maserati,Karif,1989,
530,Damian,Tesh,Cadillac,Catera,2001,
531,Reade,Francello,Hyundai,Accent,2002,
532,Ginni,Haston,Volkswagen,GTI,2011,
533,Peggi,Abelovitz,Honda,Accord,1985,
534,Corinne,Bedle,Plymouth,Volare,1976,
535,Lexy,Chaddock,Oldsmobile,Bravada,1997,
536,Barry,Astie,Ford,Mustang,2000,
537,Jennilee,Rollings,Volkswagen,Fox,1987,
538,Oralia,Lantuff,BMW,5 Series,2007,
539,Nelson,Carletti,Toyota,RAV4,2011,
540,Lori,Tzuker,Pontiac,Bonneville,2002,
541,Thibaud,Stickins,Acura,TL,2005,
542,Felix,Wayon,Mazda,Protege,2000,
543,Daniele,Benting,Ford,Explorer,2002,
544,Tabbie,Eastbury,GMC,Sierra 2500,2012,
545,Tori,Fance,Dodge,Ram 1500,1999,
546,Othilia,Grandin,Buick,Century,1987,
547,Baxter,Howells,Pontiac,G6,2007,
548,Ninnetta,Schuh,GMC,Yukon XL 2500,2012,
549,Paolo,Goranov,Honda,Odyssey,2012,
550,Jason,Breed,Hyundai,Elantra,1996,
551,Trixie,Kimbrey,Lexus,ES,2005,
552,Jarrod,Axell,Mitsubishi,Chariot,1993,
553,Arlan,Noads,Audi,A3,2010,
554,Glen,Cloy,Chevrolet,Caprice Classic,1993,
555,Wright,Greeding,Ford,F250,1997,
556,Collette,Abrahamsohn,Kia,Optima,2007,
557,Marleah,Clapshaw,Chevrolet,Astro,1996,
558,Kandace,Kitchaside,Aston Martin,DBS,2011,
559,Tansy,Growcock,Subaru,Legacy,2002,
560,Vincenty,Gofford,Infiniti,M,2012,
561,Caro,Holleworth,Eagle,Vision,1994,
562,Roth,Hughes,GMC,Suburban 1500,1992,
563,Eugine,Ianetti,Toyota,Tacoma,2001,
564,Twyla,Wolfart,Chrysler,Town & Country,2005,
565,Alysia,Hogben,Pontiac,Grand Prix,1969,
566,Adrienne,Greiswood,Dodge,Stratus,1999,
567,Parke,Tollemache,Cadillac,Escalade EXT,2009,
568,Flss,Fairhead,Hyundai,Scoupe,1995,
569,Weylin,Waslin,Nissan,Quest,2001,
570,Eal,Hens,Ford,Freestar,2007,
571,Corby,Morriss,Ford,Falcon,1967,
572,Cornelle,Johns,Lincoln,Continental,1994,
573,Theodosia,Fotherby,Ford,E350,2003,
574,James,Querrard,Dodge,Grand Caravan,2006,
575,Leonerd,Smitham,Ford,E-350 Super Duty Van,2006,
576,Herc,McAreavey,Chevrolet,Malibu,2005,
577,Arte,Razzell,Fiat,500,2012,
578,Demott,Stidever,Mercedes-Benz,SL-Class,1993,
579,Maggy,Cristofolo,GMC,2500 Club Coupe,1996,
580,Sergeant,McCafferky,Bentley,Continental Super,2012,
581,Morry,Yaldren,GMC,Suburban 1500,1992,
582,Chev,Miche,Chevrolet,Corvette,1962,
583,Isacco,Slane,Chrysler,Town & Country,2003,
584,Marice,Costigan,Jeep,Liberty,2002,
585,Aaren,Capps,Honda,Insight,2005,
586,Nickolaus,Baptista,Maserati,GranTurismo,2008,
587,Alia,Blackley,Ford,E250,2010,
588,Theresita,Gillean,Dodge,Ram 2500,1998,
589,Gaby,Reith,Saab,9-5,2004,
590,Alfonse,Frascone,Kia,Forte,2010,
591,Rhianon,Surcombe,Suzuki,Kizashi,2012,
592,Abbot,Vanichkin,Chevrolet,G-Series G20,1995,
593,Evita,Clampin,Isuzu,i-Series,2006,
594,Sinclare,Guiton,Toyota,T100,1997,
595,Tobe,Mongeot,Chevrolet,Express 2500,2001,
596,Giraud,Bubbins,Hummer,H1,2006,
597,Gerda,Stracey,Ford,Bronco II,1984,
598,Bili,Hammor,Volkswagen,New Beetle,2001,
599,Jean,Dacombe,Pontiac,Grand Prix,1981,
600,Elenore,Galland,Chevrolet,Monte Carlo,2007,
601,Lance,Fidock,Toyota,Tundra,2008,
602,Eddy,Caught,Jaguar,XK Series,2003,
603,Hendrika,Shapter,Honda,Fit,2009,
604,Vivia,Goadbie,Subaru,Impreza WRX,2010,
605,Edan,Bogaert,Pontiac,Grand Am,1990,
606,Cristine,Penk,Infiniti,QX56,2012,
607,Eloise,Narramor,GMC,2500 Club Coupe,1995,
608,Marybelle,Linwood,Chevrolet,Cobalt SS,2009,
609,Ninetta,Goodlet,Subaru,Legacy,2003,
610,Budd,Pargiter,Dodge,Stratus,2000,
611,Jamey,Bradwell,Infiniti,QX,2007,
612,Duncan,Haighton,Ford,Explorer,2010,
613,Isabelita,Burwood,Toyota,Sequoia,2010,
614,Charmane,O' Concannon,Ford,Probe,1990,
615,Darrin,Copsey,Pontiac,Firebird,1996,
616,Minetta,Riordan,Chevrolet,Lumina,1994,
617,Dede,Douthwaite,Dodge,Caravan,2005,
618,Norbert,Wildber,Lexus,SC,2010,
619,Guss,Lumb,Suzuki,XL7,2007,
620,Louella,Maling,Toyota,4Runner,2008,
621,Darnell,Brunt,GMC,Sierra 2500,2009,
622,Drona,Cicconetti,Cadillac,Eldorado,2000,
623,Josephine,Wrout,Subaru,Brat,1987,
624,Ebeneser,Tamplin,Mitsubishi,Lancer,2007,
625,Daisie,Risby,Pontiac,Bonneville,1986,
626,Rosy,Winterborne,Cadillac,DTS,2011,
627,Claudetta,Jannasch,Alfa Romeo,164,1993,
628,Ario,Maciaszczyk,Ford,Mustang,1979,
629,Mahala,Coughlan,Mercedes-Benz,SL-Class,1986,
630,Danni,Duding,Honda,Odyssey,2000,
631,Barb,Bulch,Toyota,Prius,2009,
632,Shalna,Dohr,Volvo,S60,2010,
633,Rory,McAlindon,Pontiac,Bonneville,1965,
634,Mary,Yven,Chevrolet,Cobalt SS,2007,
635,Westleigh,Overall,GMC,1500 Club Coupe,1994,
636,Margie,Kenny,Oldsmobile,Bravada,2003,
637,Sherwynd,Pixton,Kia,Rio,2001,
638,Caitrin,D'Alwis,Acura,RSX,2002,
639,Abbey,Davidsohn,Mercedes-Benz,600SEL,1993,
640,Gratiana,Laverenz,Cadillac,STS,2008,
641,Goldi,Chess,Mitsubishi,3000GT,1997,
642,Alphonse,Wildey,Saturn,Relay,2005,
643,Trudey,Barthelet,Buick,LaCrosse,2007,
644,Mercedes,Baxstar,Buick,LeSabre,1988,
645,Zachery,Minster,Acura,SLX,1996,
646,Dinnie,Klimkowski,GMC,Envoy XL,2004,
647,Bartel,Keford,Buick,LeSabre,1985,
648,Freddie,Kirwan,Ford,Escape,2006,
649,Mirabel,Clohissy,Ford,Thunderbird,1997,
650,Dionisio,Vernon,Chevrolet,Malibu,2003,
651,Jules,McIlraith,Subaru,Forester,2012,
652,Lucia,Florio,Dodge,Caravan,1994,
653,Janean,MacCarlich,Pontiac,Sunfire,2004,
654,Kienan,Hoxey,Volvo,V70,2005,
655,Jsandye,MacDermand,Infiniti,G35,2006,
656,Sascha,Ickov,Maybach,57,2006,
657,Egbert,Tweed,Volkswagen,New Beetle,2010,
658,Persis,Teulier,Volkswagen,Touareg,2006,
659,Fidole,Reding,Volvo,XC90,2008,
660,Roma,McNae,Mercedes-Benz,S-Class,1984,
661,Ambrosius,Coke,Jaguar,XK,2009,
662,Cleavland,Raulin,Chevrolet,Colorado,2004,
663,Almire,Morriarty,Infiniti,Q,1995,
664,Tiphanie,Gunthorpe,Dodge,Dakota,1998,
665,Susan,Blincko,Jeep,Liberty,2003,
666,Inglis,Elwood,Mercury,Cougar,1997,
667,Micaela,Bonifazio,Rolls-Royce,Phantom,2005,
668,Dido,McConnal,Mercury,Grand Marquis,1991,
669,Levy,Persian,Mitsubishi,Diamante,1994,
670,Chick,Looby,GMC,Vandura G1500,1995,
671,Pen,Herrero,Ford,E150,2011,
672,Denys,De Gogay,Ford,Crown Victoria,2001,
673,Pattie,Gookey,Mercury,Cougar,2001,
674,Charmain,Mulrenan,Dodge,Ram 2500,2000,
675,Kennith,Waterdrinker,Oldsmobile,Bravada,1996,
676,Huntley,Troman,Land Rover,Defender,1997,
677,Archer,Congreve,Porsche,Cayman,2010,
678,Tootsie,Dyball,Mercedes-Benz,300CE,1992,
679,Pail,Kitchinham,Subaru,Forester,2004,
680,Evangelia,Vayro,Toyota,FJ Cruiser,2007,
681,Ethelin,Curwen,Audi,A6,2009,
682,Dun,Server,Kia,Sorento,2004,
683,Jermaine,Marchbank,Toyota,Solara,2000,
684,Simeon,Murrey,Lexus,GS,1994,
685,Benedick,Frankham,Lincoln,Town Car,1986,
686,Jerrie,Askin,Audi,S5,2008,
687,Sheppard,Farnaby,Chevrolet,Express 2500,2001,
688,Roobbie,Fullbrook,Mercury,Grand Marquis,1997,
689,Rebekah,Foxcroft,Chrysler,Crossfire,2008,
690,Leanora,Hellis,Chevrolet,Lumina APV,1992,
691,Jerad,Leyre,Land Rover,LR2,2009,
692,Jolee,Legerton,Dodge,Avenger,2012,
693,Timmie,Borrett,Mazda,MX-6,1996,
694,Bibbye,Baptie,Audi,5000S,1987,
695,Gaston,Loosemore,Saturn,VUE,2009,
696,Jonathon,Bosward,Buick,Park Avenue,1997,
697,Griffy,Blasi,Buick,Park Avenue,1991,
698,Dunc,Antonelli,Buick,Century,1999,
699,Monti,Chevins,Cadillac,Seville,1996,
700,Jobyna,Savaage,Chevrolet,Beretta,1992,
701,Dame,Haller,Lotus,Esprit,1993,
702,Grace,Blincowe,Nissan,Quest,1998,
703,Marline,Gillhespy,Nissan,Sentra,2011,
704,Paul,Maple,Isuzu,Trooper,1998,
705,Issie,Mossom,Dodge,Shadow,1992,
706,Vachel,Pumfrett,Ford,LTD,1984,
707,Roger,Yarmouth,Nissan,Altima,1993,
708,Linet,Rossoni,Suzuki,SJ,1987,
709,Hayley,Padmore,Subaru,Outback,2002,
710,Arni,Escale,Dodge,Ram 1500,1999,
711,Inna,Ambrogi,GMC,Envoy,2007,
712,Vera,Anglish,Hyundai,Scoupe,1993,
713,Maryellen,Fisbey,Chevrolet,Cavalier,1999,
714,Blanca,Umbert,Ford,Thunderbird,1995,
715,Thomasin,Hepher,Subaru,Outback,2011,
716,Sully,Pues,Ford,LTD Crown Victoria,1991,
717,Jere,Paeckmeyer,Ford,Econoline E350,1996,
718,Bob,Woolham,Mitsubishi,Challenger,2003,
719,Candide,Gladtbach,BMW,3 Series,2009,
720,Andre,Willicott,Oldsmobile,Aurora,2002,
721,Elwira,Mossbee,Infiniti,M,2003,
722,Estrella,Craster,Honda,Ridgeline,2010,
723,Gabrila,Mully,GMC,Canyon,2007,
724,Jena,Moult,GMC,Yukon XL,2006,
725,Bethina,Boxe,Mazda,B-Series,2004,
726,Myrna,Merriman,Toyota,Tacoma,2001,
727,Joseph,Rastall,Scion,xB,2005,
728,Marcelia,Sugarman,Pontiac,Grand Prix,2004,
729,Rozamond,Weekes,Toyota,Prius Plug-in,2012,
730,Moshe,Mockes,Jaguar,XJ,2007,
731,Ronica,Kidston,Mitsubishi,Outlander,2008,
732,Miles,Coda,Chevrolet,Sonic,2012,
733,Gert,Bonhome,Audi,A5,2008,
734,Mariquilla,Kilby,BMW,5 Series,1992,
735,Raul,Lain,Toyota,Solara,2005,
736,Thomasa,Vanlint,Acura,MDX,2007,
737,Oswald,Jacques,Chevrolet,Lumina,1997,
738,Mick,Aspinell,Honda,Odyssey,2006,
739,Elysia,Wandless,Kia,Sportage,2012,
740,Brittan,Dubois,Dodge,Ram 2500,2005,
741,Lani,Gyngell,Bentley,Continental Super,2011,
742,Barry,Seed,Hyundai,Santa Fe,2005,
743,Cassy,Collyear,Pontiac,Bonneville,1965,
744,Morgana,Scoyles,Acura,TL,1998,
745,Mikaela,Panchen,Hyundai,Santa Fe,2001,
746,Irene,Winscom,Plymouth,Colt Vista,1992,
747,Maryanne,Sinnocke,Kia,Sedona,2007,
748,Lou,McShea,Kia,Sorento,2009,
749,Sherwynd,Fucher,Oldsmobile,Alero,2004,
750,Whitaker,Going,Hyundai,Azera,2006,
751,Saloma,Oiseau,Ford,Taurus,1995,
752,Celestine,Dieton,Infiniti,M,2003,
753,Tadd,Butner,Hummer,H2,2004,
754,Anders,Gregoli,Ferrari,F430,2006,
755,Marris,Eagers,Chrysler,Concorde,1993,
756,Pavla,McKinstry,Lexus,CT,2011,
757,Devinne,Jambrozek,Buick,Regal,1988,
758,Jerry,Haycraft,Pontiac,Grand Prix,1971,
759,Connie,Knewstub,BMW,550,2006,
760,Colline,Trippitt,Nissan,Cube,2012,
761,Yolanthe,Elsom,Ford,Thunderbird,1986,
762,Ida,Absalom,Ford,Tempo,1988,
763,Charissa,Lorait,Dodge,Ram 1500 Club,1999,
764,Heriberto,Copland,GMC,Suburban 2500,1999,
765,Dottie,Croshaw,Ford,Escort,1993,
766,Max,Matus,Jaguar,XJ,2012,
767,Minne,Brenard,Acura,MDX,2001,
768,Sean,Stables,Geo,Tracker,1997,
769,Neron,Halfhead,GMC,Savana 3500,2010,
770,Marven,Islip,Toyota,Tercel,1997,
771,Jodi,Zincke,Land Rover,Range Rover,1991,
772,Baron,Elliker,Chevrolet,Astro,1999,
773,Fionna,Pynner,Aston Martin,Rapide,2011,
774,Zia,Lebel,Geo,Metro,1992,
775,Valera,Fruin,Chevrolet,Camaro,1998,
776,Orion,Pidwell,Saab,9-3,2003,
777,Christal,Belloch,Chevrolet,Avalanche 1500,2006,
778,Allan,Livens,Honda,Accord,2011,
779,Monah,Yushin,BMW,M3,2005,
780,Diannne,Ever,Mercedes-Benz,G-Class,2012,
781,Obadiah,Maggill'Andreis,Geo,Prizm,1995,
782,Flory,Bernucci,Audi,A6,2001,
783,Adiana,Tolefree,Subaru,Legacy,2000,
784,Weylin,De Lasci,Jeep,Grand Cherokee,2009,
785,Vera,Rubanenko,Volkswagen,GTI,2005,
786,Remy,Henrie,Volkswagen,Golf,2011,
787,Sammie,Siddele,Chevrolet,Corvette,2003,
788,Reina,McIlroy,Maserati,228,1990,
789,Louis,Spilisy,Saturn,Ion,2007,
790,Trstram,Greatreax,Mitsubishi,Mirage,2002,
791,Toddie,Bradbrook,Citroën,CX,1989,
792,Layney,Brickwood,Cadillac,Escalade EXT,2002,
793,Feliza,Buterton,BMW,Z4,2004,
794,Delaney,Armatage,Chevrolet,Malibu,2006,
795,Maureene,Chitter,Acura,CL,2002,
796,Adriano,Cowlas,Isuzu,Oasis,1999,
797,Morgan,Tinn,Plymouth,Voyager,1997,
798,Roda,Dangl,Mitsubishi,Starion,1988,
799,Hermia,Petru,Nissan,200SX,1998,
800,Eudora,Duigenan,Dodge,Caravan,2004,
801,Raynell,Hookes,Hyundai,Elantra,2010,
802,Marthe,Castagnet,Lexus,GX,2004,
803,Monah,Riccard,Infiniti,M,2008,
804,Hermon,Crone,Mercury,Grand Marquis,1995,
805,Gena,Wyman,Dodge,Ram 1500,2005,
806,Darb,Dandie,Mitsubishi,Galant,1991,
807,Kile,Gabbatiss,Lotus,Evora,2010,
808,Edsel,Kleanthous,Mazda,Mazdaspeed 3,2008,
809,Gael,Kissack,Mitsubishi,Precis,1986,
810,Sisile,Labb,Audi,S4,1993,
811,Arel,Weed,Porsche,928,1993,
812,Trude,Hainge,Aston Martin,DB9,2011,
813,Pinchas,Phythien,Toyota,Camry,1997,
814,Russell,Dayton,Mercedes-Benz,C-Class,2008,
815,Hartwell,Joesbury,Infiniti,IPL G,2012,
816,Johan,Capini,Ford,Focus,2011,
817,Rhody,Carff,Jeep,Liberty,2003,
818,Marcelline,Passby,Jaguar,XK Series,2003,
819,Ferdinand,Lammers,Ford,Expedition,2001,
820,Marcus,McDermid,BMW,5 Series,2006,
821,Glory,Olivia,Ford,Explorer,1996,
822,Umeko,Forsaith,Mercedes-Benz,G-Class,2009,
823,Rosalind,Swaden,Volvo,V70,2005,
824,Marley,Morsom,BMW,7 Series,2006,
825,Iago,Akess,Nissan,Maxima,1993,
826,Pamela,Attrey,Lotus,Esprit,1992,
827,Deonne,Borthram,Chevrolet,Lumina,1998,
828,Octavius,Nitti,Toyota,Celica,1995,
829,Sholom,Pottinger,Nissan,Rogue,2010,
830,Teirtza,L'oiseau,Mazda,RX-7,1983,
831,Filip,Brislen,Cadillac,CTS,2008,
832,Cole,Gerrietz,Dodge,Durango,2001,
833,Caryl,Southerton,Lincoln,MKS,2011,
834,Andrey,Gaitung,Toyota,Matrix,2011,
835,Mallissa,Caselli,Toyota,Avalon,2004,
836,Charis,Bulter,Hyundai,Elantra,2003,
837,Sofia,Bilham,GMC,Yukon XL 2500,2000,
838,Shelia,Etoile,Nissan,Frontier,1998,
839,Douglass,Forsdicke,Ford,E-350 Super Duty,2006,
840,Roddie,Pattisson,Audi,Coupe GT,1985,
841,Arnold,Attwool,Nissan,Armada,2006,
842,Ariana,Senecaux,BMW,X5,2000,
843,Pierce,Escot,Jaguar,S-Type,2008,
844,Cesare,Tanton,Eagle,Talon,1998,
845,Gayler,MacMenamie,Isuzu,Trooper,1997,
846,Teresina,Summerbell,Honda,Civic,1997,
847,April,Scambler,Infiniti,G,2003,
848,Cornela,Searston,GMC,Savana 2500,1996,
849,Glad,Darque,Maybach,57,2009,
850,Abbie,Blainey,Audi,S4,2007,
851,Emelita,Delahunty,Maybach,57,2010,
852,Frederick,Neillans,Mazda,929,1989,
853,Briny,Leverentz,Mitsubishi,Eclipse,2002,
854,Kelila,Haughey,Daewoo,Leganza,2000,
855,Royall,Haward,Hyundai,Sonata,2001,
856,Laraine,McAleese,Ford,Excursion,2003,
857,Rik,Jannaway,Chevrolet,Corvette,1969,
858,Curt,Shoreson,Acura,Legend,1988,
859,Mirabelle,Abrashkov,Ford,F150,2009,
860,Fabio,Whelan,Nissan,GT-R,2009,
861,Mylo,Werndley,Audi,A8,1997,
862,Edeline,Verrills,Mercury,Grand Marquis,2004,
863,Joye,Lempel,Jeep,Liberty,2008,
864,Quinton,Yitzhakov,Subaru,Justy,1988,
865,Rowney,Hothersall,Audi,S6,2007,
866,Ichabod,Camplin,Lincoln,LS,2004,
867,Osbourn,Howley,Chrysler,Sebring,2008,
868,Christine,Wethers,Mazda,Protege,1997,
869,Irma,MacGillreich,Honda,CR-V,1997,
870,Sher,Jozwik,Isuzu,Rodeo,1993,
871,Mora,Gregoriou,Toyota,Avalon,1996,
872,Aleksandr,Astbury,Chevrolet,HHR,2009,
873,Cecilio,Kordas,Jeep,Grand Cherokee,1995,
874,Bowie,Aymes,Subaru,Forester,2001,
875,Rafe,Vreede,Plymouth,Acclaim,1994,
876,Dione,Fredi,Dodge,Ram 2500,2003,
877,Loreen,Cubuzzi,Kia,Sedona,2011,
878,Mona,Isherwood,Dodge,Avenger,1995,
879,Renie,Shellsheere,Oldsmobile,Aurora,1998,
880,Garrett,Castlake,Mazda,Protege,2003,
881,Warden,Poundesford,Audi,RS4,2008,
882,Rena,Kinnett,Ford,Aerostar,1987,
883,Em,Gallimore,Audi,A8,2004,
884,Tarrah,Mortimer,Infiniti,FX,2009,
885,Bastian,Wrightham,Mitsubishi,Mirage,1993,
886,Frazier,Mitrikhin,BMW,X6,2008,
887,Abagail,Manson,BMW,6 Series,2007,
888,Bil,Weitzel,Ford,Expedition,2000,
889,Shamus,Ausher,Buick,Riviera,1986,
890,Moe,Mollin,Pontiac,Bonneville,2002,
891,Ainslie,McAlindon,Buick,LeSabre,2001,
892,Carlynne,Chadderton,Mercedes-Benz,S-Class,2009,
893,Gaylord,Brant,Dodge,Ram 1500 Club,2001,
894,Floria,Capoun,BMW,7 Series,2008,
895,Batholomew,Sijmons,Ford,Focus,2003,
896,Beauregard,Pittford,Porsche,Boxster,2009,
897,Aprilette,Godmar,Plymouth,Acclaim,1993,
898,Salem,Martine,Chevrolet,Camaro,1974,
899,Otha,Richford,Mitsubishi,Challenger,1998,
900,Hill,Ewan,Nissan,Quest,1993,
901,Giulia,Ripon,Volvo,850,1996,
902,Crystie,Brierly,Ford,Escape,2002,
903,Lorrie,Goscar,Honda,CR-X,1988,
904,Cornall,Kinchlea,Cadillac,DeVille,2004,
905,Stace,Groomebridge,Dodge,Caravan,2008,
906,Hal,Baseke,Buick,Century,1988,
907,Lionello,Hearl,Lincoln,MKZ,2007,
908,Torrie,MacKaig,Lexus,GX,2007,
909,Justina,Hillan,Pontiac,Torrent,2008,
910,Maureen,Abrahmovici,Toyota,Tacoma,2007,
911,Alexine,Willavize,Toyota,Camry Hybrid,2010,
912,Morten,Olliffe,Volvo,S70,1998,
913,Courtnay,Graffin,Lamborghini,Gallardo,2011,
914,Pablo,Pettman,Audi,TT,2004,
915,Galen,Bullan,Nissan,JUKE,2011,
916,Laurel,Crummay,Audi,S8,2006,
917,Marmaduke,Coopman,Mercedes-Benz,SL-Class,2003,
918,Jannelle,Haresnaip,Ford,Windstar,2001,
919,Wendye,Give,Land Rover,Range Rover,2003,
920,Rachael,Gery,GMC,Sierra 2500,2002,
921,Fredelia,Bagshawe,Dodge,Charger,2008,
922,Emlynne,Redborn,Eagle,Talon,1998,
923,Wait,Alberts,Mitsubishi,Lancer Evolution,2008,
924,Inez,Pietraszek,Pontiac,Montana,2002,
925,Rudolf,Kidde,Nissan,Murano,2003,
926,Shirline,Baradel,Nissan,Maxima,2007,
927,Louella,Roscrigg,Lexus,GX,2009,
928,Fee,Wolver,Mercedes-Benz,C-Class,2006,
929,Beltran,Blofeld,Buick,Skylark,1986,
930,Zonnya,Gerish,Mazda,Mazda6,2003,
931,Silvain,Finlry,Volkswagen,Phaeton,2004,
932,Tripp,Crowther,Hummer,H1,2006,
933,Heywood,Grisard,Hyundai,Santa Fe,2003,
934,Kaila,Mozzetti,Mercury,Grand Marquis,1997,
935,Hugh,Cronin,Subaru,SVX,1993,
936,Arnuad,Sharpus,Lotus,Elan,1994,
937,Emilio,Annakin,Ford,Laser,1988,
938,Corinna,Soonhouse,Mazda,Tribute,2006,
939,Nancy,Winwood,Ford,Tempo,1990,
940,Giffard,Cordier,Chevrolet,Lumina,2000,
941,Tasia,Giblin,Ford,Excursion,2005,
942,Georgianna,Yude,Ford,Taurus,1992,
943,Christen,Pennoni,Ford,Focus,2003,
944,Alejandra,Thairs,Dodge,Neon,1995,
945,Buiron,Stathers,Nissan,Xterra,2012,
946,Leigha,Ledstone,Saab,9000,1997,
947,Annice,Lazonby,Hyundai,Accent,1997,
948,Humfrid,Swindon,Toyota,Tercel,1993,
949,Casandra,Franceschielli,Maserati,Spyder,1991,
950,Melinde,Earlam,Buick,Regal,2000,
951,Karon,Stangoe,Chrysler,Cirrus,1998,
952,Jacinthe,Brownsey,Ford,E-Series,1996,
953,Brew,Beggi,Pontiac,Firebird,1996,
954,Dael,Spata,Maserati,GranTurismo,2008,
955,Murdock,Taysbil,Suzuki,Forenza,2007,
956,Cass,McAlinion,BMW,X5 M,2011,
957,Bobette,Vellender,Mitsubishi,Mirage,1986,
958,Adelheid,Conrart,Mercury,Monterey,2006,
959,Jacintha,Gange,Ford,Crown Victoria,1996,
960,Iosep,Blaydes,Mercury,Topaz,1991,
961,Joey,Viger,Toyota,Tundra,2003,
962,Siouxie,Juett,Volkswagen,Passat,1990,
963,Phaedra,Vlasyuk,Buick,Riviera,1985,
964,Ula,Ollet,Mercedes-Benz,G-Class,2003,
965,Lyon,Diffley,Jeep,Cherokee,1992,
966,Ramsay,Mapledoore,Kia,Sportage,1999,
967,Ware,Dofty,Jeep,Wrangler,2006,
968,Alli,Kann,Mitsubishi,Pajero,1994,
969,Tedda,Purvis,Saab,900,1988,
970,Delmor,Waren,Saturn,L-Series,2002,
971,Hymie,Walklett,Pontiac,Solstice,2008,
972,Marigold,Clevely,Suzuki,Equator,2009,
973,Audy,Nanuccioi,Dodge,Avenger,2010,
974,Paton,Holburn,Audi,90,1993,
975,Sigismondo,Keays,Honda,Passport,1994,
976,Rudyard,Khristoforov,Cadillac,STS,2009,
977,Tuckie,Wickens,Toyota,Venza,2012,
978,Susannah,Ingerson,Spyker,C8,2007,
979,Wynnie,Rickerby,GMC,1500 Club Coupe,1998,
980,Bern,Howford,Mitsubishi,Lancer,2007,
981,Lucita,Wyld,Toyota,Sienna,1999,
982,Roanna,Pittam,Dodge,Charger,1999,
983,Timmy,Stutte,Cadillac,Fleetwood,1993,
984,Napoleon,Hawkey,Dodge,Avenger,1998,
985,Margot,Brisseau,Suzuki,Swift,2006,
986,Keslie,McCully,Jeep,Cherokee,1996,
987,Jannelle,Weafer,Nissan,Frontier,2003,
988,Natale,Huckerby,Bentley,Continental GTC,2010,
989,Halsy,Mendes,Ford,F150,2011,
990,Rafferty,Hearse,Honda,Element,2008,
991,Ethelda,Duplain,Toyota,Sienna,2009,
992,Clarie,Tunkin,Volkswagen,Scirocco,1988,
993,Car,Frickey,Buick,Regal,1998,
994,Aloise,Pollington,Lexus,RX,2000,
995,Clerc,Haygreen,Panoz,Esperante,2006,
996,Marybelle,Dugdale,Acura,MDX,2003,
997,Winonah,Picot,Mazda,Tribute,2004,
998,Corliss,Couchman,Mitsubishi,Outlander,2010,
999,Myles,Dedon,Mercury,Tracer,1992,
1000,Kaleena,Newall,Volkswagen,Touareg,2008,
